{"cameraMode":{"drawMode":0,"name":"Shaded","section":"Shading Mode"},"sceneLighting":false,"audioPlay":false,"sceneViewState":{"showFog":true,"showMaterialUpdate":false,"showSkybox":false,"showFlares":true,"showImageEffects":true,"showParticleSystems":true},"in2DMode":false,"pivot":{"x":49.2998046875,"y":1.81103515625,"z":38.15144729614258},"rotation":{"x":0.12714974582195283,"y":0.00892682932317257,"z":-0.001144378911703825,"w":0.991843044757843},"size":4.041658401489258,"orthographic":false}